{
    "training_date": "2026-02-20 00:30:48",
    "model_type": "LogisticRegression",
    "feature_names": [
        "url_length",
        "has_ip",
        "has_at_symbol",
        "subdomain_count",
        "is_https",
        "special_char_count",
        "has_suspicious_keyword",
        "has_login_verify",
        "has_too_many_links",
        "has_urgent_words"
    ],
    "num_features": 10,
    "metrics": {
        "accuracy": 0.8928571428571429,
        "precision": 0.9230769230769231,
        "recall": 0.8571428571428571,
        "f1": 0.8888888888888888,
        "test_size": 28
    },
    "coefficients": [
        0.2696121194943856,
        0.0,
        0.0,
        -1.5834546580580728,
        0.36209088717637183,
        1.790166162774527,
        -1.59747028301387,
        -1.4357594377846525,
        0.0,
        0.0
    ],
    "intercept": -6.330713185016041
}