{
    "training_date": "2026-03-04 22:47:04",
    "model_type": "LogisticRegression",
    "feature_names": [
        "url_length",
        "has_ip",
        "has_at_symbol",
        "subdomain_count",
        "is_https",
        "special_char_count",
        "has_suspicious_keyword",
        "has_login_verify",
        "has_too_many_links",
        "has_urgent_words",
        "url_entropy",
        "digit_count",
        "hyphen_count",
        "domain_length",
        "is_suspicious_tld",
        "has_brand_name",
        "has_redirect_pattern"
    ],
    "num_features": 17,
    "metrics": {
        "accuracy": 0.8928571428571429,
        "precision": 0.9230769230769231,
        "recall": 0.8571428571428571,
        "f1": 0.8888888888888888,
        "test_size": 28
    },
    "coefficients": [
        1.7624851617368211,
        0.0,
        0.0,
        -0.281566342613529,
        0.015777979499500095,
        1.1622453305050227,
        -0.6772921027543071,
        -0.9753131968132016,
        0.0,
        0.0,
        1.5798753564148127,
        0.5253641215050677,
        1.244412141097477,
        -0.9073321715086577,
        0.0,
        0.11243531614967565,
        0.0
    ],
    "intercept": 1.3097498751363237
}